{"stats":{"minecraft:custom":{"minecraft:jump":133,"minecraft:open_chest":6,"minecraft:time_since_rest":21377,"minecraft:play_one_minute":21377,"minecraft:crouch_one_cm":151,"minecraft:leave_game":5,"minecraft:time_since_death":21377,"minecraft:sprint_one_cm":7553,"minecraft:walk_one_cm":8550,"minecraft:walk_on_water_one_cm":273,"minecraft:sneak_time":349,"minecraft:walk_under_water_one_cm":2396,"minecraft:damage_dealt":25,"minecraft:fly_one_cm":193011},"minecraft:used":{"ironchest:dirt_chest":1,"ironchest:iron_chest":1,"ironchest:crystal_chest":2,"customnpcs:npcwand":2,"ironchest:obsidian_chest":1,"alexsmobs:spawn_egg_grizzly_bear":1},"minecraft:picked_up":{"minecraft:arrow":1,"ironchest:obsidian_chest":1,"minecraft:bone":1}},"DataVersion":2586}